k,clusters_obtidos,silhueta
2,2,0.34659432792789524
3,3,0.3861520468241184
4,4,0.3579822561434224
5,5,0.3616760187520865
6,6,0.3464567311554127
